date,open,high,low,close,volume,amount,pctChg,turn
2024-01-02,64.95329361,64.95654762,62.59739037,62.6722326,11392832,2212162400.36,-2.7273,0.9781
2024-01-03,62.6396925,63.08549187,62.0539707,62.85771117,8448596,1624093056.05,0.296,0.7253
2024-01-04,63.23843034,63.33930465,62.1841311,62.80890102,8987036,1731882120.2,-0.0777,0.7716
2024-01-05,62.62993047,64.2666975,62.19389313,62.69826468,11240188,2187835615.06,-0.1761,0.965
2024-01-08,62.7373128,63.01715766,61.54959915,61.6309494,8107839,1543893918.74,-1.7023,0.6961
2024-01-09,62.151591,63.778596,61.8912702,62.75683686,11218651,2167747851.79,1.8268,0.9632
2024-01-10,62.3793717,62.9000133,61.6960296,61.92055629,7141623,1364589161.69,-1.3326,0.6131
2024-01-11,61.8912702,64.6571787,61.43896281,64.03240878,15986174,3120354835.76,3.4106,1.3725
2024-01-12,64.03240878,64.51074825,63.54756129,63.73629387,8702264,1711086655.61,-0.4624,0.7471
2024-01-15,63.36208272,64.103997,62.61366042,63.32628861,7021993,1364639692.18,-0.6433,0.6029
2024-01-16,63.0952539,63.95756655,62.82517107,63.5508153,8380860,1633959522.52,0.3546,0.7195
2024-01-17,63.1928742,63.30676455,60.7849068,60.7849068,16079471,3050944390.44,-4.3523,1.3805
2024-01-18,60.41069565,62.151591,60.16989891,61.98238248,11459165,2150839668.13,1.97,0.9838
2024-01-19,61.66023549,62.78937696,61.4031687,61.61142534,8090516,1540978198.75,-0.5985,0.6946
2024-01-22,61.45848687,62.2492113,60.05600856,60.30982134,13223973,2487370788.56,-2.1126,1.1353
2024-01-23,60.199185,61.48777296,59.9714043,61.12657785,11072562,2072060503.59,1.3543,0.9506
2024-01-24,61.59190128,61.77737985,59.89981608,61.4031687,9664121,1805379382.4,0.4525,0.8297
2024-01-25,61.46174088,62.1190509,60.41394966,61.7936499,13076908,2470818453.07,0.6359,1.1227
2024-01-26,61.500789,61.500789,60.3618855,60.47902986,11585464,2160578276.22,-2.1274,0.9947
2024-01-29,60.4920459,60.524586,58.02225231,58.06455444,14604252,2647388165.71,-3.9923,1.2538
2024-01-30,56.32040508,57.10136748,55.4157903,55.95920997,19076118,3296016841.46,-3.6259,1.6378
2024-01-31,55.67285709,57.03628728,55.42229832,55.55571273,12536841,2155163736.0,-0.7211,1.0763
2024-02-01,55.31817,56.294373,54.78451236,55.60777689,11665074,1996429636.62,0.0937,1.0015
2024-02-02,55.63055496,55.92992388,53.04361701,54.341967,14799171,2485326236.05,-2.2763,1.2706
2024-02-05,53.691165,55.89738378,52.96552077,54.667368,18621620,3122618402.6,0.5988,1.5987
2024-02-06,54.016566,57.30637011,53.8538655,57.22827387,17618975,3054635572.85,4.6845,1.5127
2024-02-07,57.67732725,59.548383,57.3031161,58.42900356,16009370,2880398921.91,2.0981,1.3745
2024-02-08,59.05702749,59.66227335,58.7999607,58.95289917,11924566,2168509150.22,0.8966,1.0238
2024-02-19,59.83473588,60.31307535,59.17091784,59.7110835,11968707,2192419553.49,1.2861,1.0276
2024-02-20,59.7110835,59.76965568,57.595977,58.25328702,11335736,2023820071.64,-2.4414,0.9732
2024-02-21,57.6285171,60.3944256,57.48534066,59.548383,14769298,2700340930.5,2.2232,1.268
2024-02-22,59.5158429,59.75663964,58.98218526,59.54512899,8090613,1476863326.44,-0.0055,0.6946
2024-02-23,59.54512899,59.87052999,58.84226283,59.44425468,9117490,1660682308.43,-0.1694,0.7828
2024-02-26,60.524586,61.86849213,60.37815555,60.524586,15546076,2912982360.47,1.8174,1.3347
2024-02-27,60.99641745,63.10501593,60.9150672,63.0301737,20634265,3958101886.88,4.1398,1.7715
2024-02-28,63.778596,63.94780452,61.175388,61.175388,16829153,3223632042.64,-2.9427,1.4449
2024-02-29,60.85324101,62.35008561,60.58641219,62.2166712,12236289,2323915656.97,1.7021,1.0505
2024-03-01,62.1190509,62.79588498,61.42594677,62.53556418,12215828,2336111333.57,0.5126,1.0488
2024-03-04,61.82619,62.3793717,61.2079281,61.58864727,12686510,2401200046.06,-1.5142,1.0892
2024-03-05,61.0126875,62.36310165,60.3618855,62.09301882,14962443,2826124074.26,0.8189,1.2846
2024-03-06,61.82619,62.79588498,61.500789,62.36310165,10010040,1914828108.58,0.435,0.8598
2024-03-07,62.49651606,63.11477796,61.4357088,61.46499489,10132688,1935953171.65,-1.4401,0.8703
2024-03-08,61.2730083,61.87500015,60.93133725,61.20467409,6714968,1263993368.05,-0.4235,0.5768
2024-03-11,61.175388,65.0476599,61.175388,64.67019474,27808046,5440726382.81,5.6622,2.3885
2024-03-12,65.405601,67.24737066,64.35455577,66.7397451,24502892,4958824423.44,3.2002,2.1046
2024-03-13,67.33197492,68.4643704,66.97728783,67.14975036,17781291,3691839468.95,0.6143,1.5273
2024-03-14,67.82007642,70.07835936,67.82007642,69.01104408,21135219,4497086169.98,2.7719,1.8153
2024-03-15,68.33421,68.78326338,67.09117818,68.16174747,14662802,3057950743.5,-1.2307,1.2594
2024-03-18,68.93620185,71.01876825,68.85810561,70.94718003,19698182,4250885883.53,4.0865,1.6919
2024-03-19,70.94718003,71.53940985,69.76272039,70.5469368,14697268,3194716172.75,-0.5641,1.2624
2024-03-20,70.61527101,71.84203278,70.61527101,71.09361048,9680523,2118610339.15,0.7749,0.8315
2024-03-21,71.23678692,71.5231398,70.612017,71.24654895,8866709,1938901107.67,0.2151,0.7616
2024-03-22,71.24654895,71.25305697,70.0262952,70.59574695,10467161,2266796544.33,-0.9135,0.899
2024-03-25,70.40701437,70.86908379,69.26160285,69.7008942,9910940,2133902461.97,-1.2676,0.8513
2024-03-26,70.286616,71.58496599,70.04907327,71.4580596,13134627,2864082716.93,2.521,1.1282
2024-03-27,71.46131361,71.4905997,68.33746401,68.97850398,18884898,4058093219.72,-3.4699,1.622
2024-03-28,68.28539985,68.93294784,67.03586001,67.80706038,15943531,3327175192.21,-1.6983,1.3694
2024-03-29,67.82333043,67.85261652,65.46091917,66.07592706,14138108,2873380485.75,-2.553,1.2143
2024-04-01,66.07592706,69.30390498,66.07592706,68.98826601,14290927,2995671850.58,4.4076,1.2275
2024-04-02,68.98826601,70.7096373,68.9199318,69.09564834,10758479,2301699125.87,0.1557,0.9241
2024-04-03,68.4969105,68.69540511,67.53697755,67.73547216,8363379,1747159207.03,-1.9685,0.7183
2024-04-08,67.358007,69.961215,67.15951239,68.985012,12822718,2722271577.79,1.8447,1.1014
2024-04-09,68.90366175,69.95796099,68.77350135,69.01104408,8420846,1791256312.56,0.0377,0.7233
2024-04-10,69.7334343,69.7985145,68.33421,68.93294784,7241085,1537375543.48,-0.1132,0.6219
2024-04-11,68.008809,70.10439144,67.6183278,69.30390498,10085395,2130444827.97,0.5381,0.8662
2024-04-12,68.985012,70.67384319,68.18452554,68.5294506,11491789,2453371047.11,-1.1175,0.987
2024-04-15,68.33421,70.1239155,68.03809509,69.51216162,11333192,2418635356.92,1.434,0.9734
2024-04-16,69.1151724,70.07510535,68.56524471,68.86461363,9832304,2090984650.23,-0.9316,0.8445
2024-04-17,68.659611,69.36898518,68.2040496,69.310413,9692162,2046775944.73,0.6474,0.8325
2024-04-18,68.985012,70.4493165,68.1389694,69.5056536,13399756,2863779538.22,0.2817,1.1509
2024-04-19,69.04683819,69.26811087,67.37753106,68.37651213,11177043,2342512356.49,-1.6245,0.96
2024-04-22,68.33421,68.83207353,67.7159481,67.86563256,6469478,1353615963.08,-0.7472,0.5557
2024-04-23,67.86237855,67.86563256,66.37854999,66.72022104,8729994,1793533842.51,-1.6878,0.7498
2024-04-24,67.32221289,67.9437288,66.5445045,67.49467542,7497892,1546983915.54,1.1607,0.644
2024-04-25,67.4881674,68.82556551,67.23435462,67.98928494,9468384,1980120669.24,0.7328,0.8133
2024-04-26,68.33421,71.51012376,68.33421,71.38321737,25345378,5502292294.48,4.9919,2.1769
2024-04-29,71.93965308,73.3453854,71.17496073,72.03727338,19167593,4256800047.75,0.9163,1.6463
2024-04-30,72.7271235,73.01347638,71.1001185,71.1001185,11555966,2542063035.11,-1.3009,0.9925
2024-05-06,73.215225,74.31833439,72.7271235,73.6382463,18677887,4226418539.22,3.5698,1.6042
2024-05-07,73.6382463,75.48977799,72.90284004,74.80318188,14419048,3301364339.72,1.582,1.2384
2024-05-08,74.36714454,74.47778088,73.540626,73.61546823,9113178,2070673827.4,-1.5878,0.7827
2024-05-09,73.6382463,74.3215884,73.58943615,74.24023815,7900735,1796491172.59,0.8487,0.6786
2024-05-10,73.866027,74.68603752,73.540626,74.1263478,8061330,1833828035.67,-0.1534,0.6923
2024-05-13,73.2803052,73.98317136,72.42775458,73.4430057,8248116,1857506899.26,-0.9219,0.7084
2024-05-14,73.44625971,74.05150557,72.92561811,73.18593891,6261853,1414943425.01,-0.35,0.5387
2024-05-15,73.0525245,73.540626,71.0350383,71.30837514,9973351,2204936672.77,-2.5655,0.8579
2024-05-16,71.31162915,71.57520396,70.48511061,71.03829231,8715722,1901165661.74,-0.3788,0.7498
2024-05-17,71.38972539,71.69560233,70.82678166,71.45480559,7148666,1564639157.87,0.5863,0.615
2024-05-20,71.09361048,72.889824,71.09361048,72.52212087,7595857,1688534368.27,1.4937,0.6534
2024-05-21,72.23251398,72.23576799,70.74868542,71.19123078,8408043,1838619340.95,-1.8352,0.7233
2024-05-22,70.99924419,71.4255195,70.01327916,70.58598492,8839817,1916325810.23,-0.8502,0.7604
2024-05-23,70.23780585,70.23780585,69.47636751,69.94494495,6228723,1336506236.87,-0.9082,0.5358
2024-05-24,69.62930598,69.635814,67.9437288,68.1064293,10287552,2166851356.35,-2.6285,0.885
2024-05-27,68.33421,68.5945308,67.2278466,67.79729835,7604551,1580461907.49,-0.4539,0.6542
2024-05-28,67.9437288,67.97952291,67.22133858,67.48165938,6094646,1265112510.56,-0.4656,0.5243
2024-05-29,68.659611,73.540626,68.65635699,73.1176047,30264777,6633165250.97,8.3518,2.6035
2024-05-30,73.02649242,74.64048138,72.8572839,74.14587186,22379181,5070762670.7,1.4063,1.9251
2024-05-31,74.4517488,75.3628716,73.86277299,74.52333702,18542984,4264400521.58,0.5091,1.5951
2024-06-03,74.52008301,78.25243248,73.53737199,77.1525771,27014589,6370453739.0,3.5281,2.3239
2024-06-04,77.0874969,78.0311598,76.77836595,77.49424815,15742916,3744672009.99,0.4429,1.3543
2024-06-05,77.60163048,80.1462663,77.60163048,78.35330679,19443395,4732184009.34,1.1085,1.6726
2024-06-06,78.4867212,79.3327638,77.2827375,77.6081385,17586542,4227834836.23,-0.951,1.5129
2024-06-07,77.78060103,78.54854739,75.53533413,76.6319355,18259398,4304211408.71,-1.2579,1.5707
2024-06-11,76.34883663,80.048646,76.25121633,79.60284663,22159693,5386278075.64,3.8769,1.9063
2024-06-12,78.62664363,80.55301755,78.62664363,79.0399029,18733197,4573251956.69,-0.7072,1.6115
2024-06-13,80.9597688,84.04457028,80.73524211,82.32319899,29251928,7423395269.91,4.154,2.5164
2024-06-14,81.83184348,82.62907593,80.22110853,82.34272305,20260976,5066109116.72,0.0237,1.7429
2024-06-17,82.001052,84.56195787,81.63334887,83.69639121,20864880,5371512599.82,1.6439,1.7949
2024-06-18,83.1724956,83.7256773,82.326453,83.18551164,12878911,3282495366.5,-0.6104,1.1079
2024-06-19,83.302656,83.953458,82.45986741,82.651854,9910811,2529117363.53,-0.6415,0.8526
2024-06-20,82.28740488,82.57701177,81.1224693,81.8383515,11619994,2921098947.88,-0.9843,0.9996
2024-06-21,81.99779799,82.77225237,80.63762181,81.56826867,11633012,2916085593.76,-0.33,1.0007
2024-06-24,81.35025,82.64534598,80.62785978,81.33072594,10842302,2719528810.03,-0.2912,0.9327
2024-06-25,82.001052,84.19425474,81.46739436,82.65510801,19574643,4998561939.22,1.6284,1.6839
2024-06-26,82.001052,82.7494743,81.14850138,82.23534072,11191676,2814435213.53,-0.5079,0.9627
2024-06-27,81.68215902,82.11819636,80.83611642,81.1875495,8291084,2074271452.09,-1.2741,0.7132
2024-06-28,80.699448,82.04335413,80.33499888,81.43160025,9298207,2324520983.89,0.3006,0.7999
2024-07-01,81.43160025,81.95224185,78.9097425,80.3089668,12927332,3179627870.49,-1.3786,1.1121
2024-07-02,80.33174487,80.6018277,79.08871305,79.38808197,10262737,2515326294.99,-1.1467,0.8828
2024-07-03,79.38482796,79.84689738,78.09624,79.1049831,9657403,2340645421.07,-0.3566,0.8308
2024-07-04,79.723245,81.24937569,79.5605445,79.60284663,9919634,2449191850.83,0.6294,0.8533
2024-07-05,79.12776117,79.5605445,77.73179088,78.75680403,9566478,2308221433.2,-1.0628,0.8229
2024-07-08,78.6819618,80.77103622,78.48021318,79.71999099,10537466,2591239966.71,1.223,0.9065
2024-07-09,79.7883252,82.49240751,78.58759551,82.1962926,14076255,3506898661.22,3.1062,1.2109
2024-07-10,82.16049849,83.47511853,81.8383515,82.1637525,10928256,2767913672.44,-0.0396,0.9401
2024-07-11,82.977255,83.38726026,81.89692368,82.34597706,10035945,2546645361.94,0.2218,0.8633
2024-07-12,82.49566152,85.905864,81.96525789,85.45681062,18886322,4891988725.17,3.7778,1.6247
2024-07-15,85.3526823,86.1661848,84.80275461,85.16069571,9871552,2590423501.88,-0.3465,0.8492
2024-07-16,84.80275461,85.3201422,83.41654635,84.27560499,11758768,3043326155.82,-1.0393,1.0115
2024-07-17,84.278859,85.09886952,83.50440462,84.44481351,10519171,2726321475.46,0.2008,0.9049
2024-07-18,83.9209179,85.5479229,83.79401151,85.06958343,9532204,2487441703.58,0.7399,0.82
2024-07-19,84.7669605,86.556666,84.51965574,85.92538806,13621379,3593320511.78,1.006,1.1718
2024-07-22,85.9384041,87.8908101,85.9384041,86.42975961,10074955,2688874276.28,0.587,0.8667
2024-07-23,86.22801099,86.36467941,82.326453,82.40129523,16741049,4318283785.42,-4.661,1.4401
2024-07-24,82.40129523,83.02606515,80.85889449,81.34699599,11864005,2976544505.07,-1.2795,1.0206
2024-07-25,81.34048797,82.82757054,80.5367475,81.47715639,10110420,2533958369.11,0.16,0.8697
2024-07-26,82.31669097,83.83305963,81.72446115,82.96098495,12484165,3180235006.51,1.8212,1.0739
2024-07-29,83.31691251,83.339971,81.22517806,82.0552837,7885932,1960649994.07,-1.0919,0.6784
2024-07-30,81.55787913,81.6270546,79.59131934,80.34566137,11039339,2686057413.63,-2.0835,0.9496
2024-07-31,79.91743227,81.69952414,79.90425599,81.37999935,8749003,2153504528.39,1.2874,0.7526
2024-08-01,81.692936,81.93669718,79.05768,80.4411894,10363488,2519341335.4,-1.1536,0.8915
2024-08-02,79.71319993,79.80213982,77.2788822,77.33817546,14567117,3453944602.55,-3.8575,1.2531
2024-08-05,76.04031188,77.96075469,75.76690407,76.15231026,10526835,2457359662.24,-1.5334,0.9056
2024-08-06,77.081238,77.28547034,74.43939386,75.41443858,12910151,2955783827.37,-0.9689,1.1106
2024-08-07,75.44737928,76.093017,74.60080329,75.41773265,8202186,1882919963.49,0.0044,0.7056
2024-08-08,75.0389146,75.0389146,73.6224645,74.59421515,8535741,1925911439.18,-1.0919,0.7343
2024-08-09,75.12456042,77.70052316,75.11797228,76.29724934,11985218,2790790707.01,2.2831,1.031
2024-08-12,76.42571807,76.91324043,75.5989065,75.8953728,5377901,1242071532.34,-0.5267,0.4626
2024-08-13,75.88219652,75.89207873,74.445982,75.34526311,6043650,1378452593.36,-0.7248,0.5199
2024-08-14,75.3024402,75.3024402,74.1824564,74.6436262,5632985,1276584732.1,-0.9312,0.4846
2024-08-15,74.63374399,76.5871275,74.07704616,76.25442643,8854538,2039684342.39,2.158,0.7617
2024-08-16,76.45865877,78.50427624,75.9283135,77.44687977,10221858,2406276093.84,1.5638,0.8793
2024-08-19,77.49299675,78.72168486,77.41393907,77.54899594,7018242,1662452527.07,0.1319,0.6037
2024-08-20,77.740052,78.17816331,76.89347601,77.89816736,6248422,1475807675.68,0.4503,0.5375
2024-08-21,77.29864662,80.08872391,76.422424,79.387087,11104338,2658947673.91,1.9114,0.9552
2024-08-22,79.387087,79.97013739,78.93250534,79.22897164,6248845,1506260848.31,-0.1992,0.5375
2024-08-23,78.9917986,79.4859091,78.44827705,78.84027138,4978602,1193437029.74,-0.4906,0.4283
2024-08-26,78.8929765,80.045901,78.30333797,78.86332987,5651342,1354660288.18,0.0292,0.4861
2024-08-27,78.23745657,79.47932096,77.9047555,79.3212056,5092646,1219258016.16,0.5806,0.4381
2024-08-28,79.14661989,79.14991396,76.6859496,78.02004795,8904070,2098577189.51,-1.6404,0.766
2024-08-29,76.86053531,77.9047555,76.1918391,77.36123395,7938487,1858678051.41,-0.8444,0.6829
2024-08-30,78.39227786,82.94138853,78.15510482,82.16069394,19302792,4764660206.01,6.204,1.6605
2024-09-02,81.69952414,82.49010094,79.387087,79.4200277,10113482,2468600915.45,-3.3357,0.87
2024-09-03,79.1894428,81.51176215,79.1894428,81.38988156,10181990,2497421913.25,2.4803,0.8759
2024-09-04,80.8694185,82.9776233,80.84965408,82.45716024,10060596,2506778350.99,1.3113,0.8655
2024-09-05,82.35175,84.1964292,82.2199872,83.29055995,10012555,2542189362.96,1.0107,0.8613
2024-09-06,83.29385402,84.0317257,82.81950794,82.8788012,7814152,1982245013.05,-0.4944,0.6722
2024-09-09,82.18045836,83.65620172,81.88399206,82.34516186,7085126,1774845243.84,-0.6439,0.6095
2024-09-10,82.35175,83.2740896,81.89716834,82.23645755,6124829,1533462723.87,-0.132,0.5269
2024-09-11,82.35175,85.8434642,82.16728208,85.0199467,15536148,4001603969.48,3.3847,1.3365
2024-09-12,85.2175909,85.64582,84.657599,84.66089307,7725108,1995755898.51,-0.4223,0.6645
2024-09-13,84.7234804,84.987006,83.94937395,83.99549093,5699161,1458587905.76,-0.786,0.4903
2024-09-18,84.00537314,85.42511731,83.7023187,85.12865101,6681981,1715595537.64,1.3491,0.5748
2024-09-19,85.31970707,85.44158766,83.4387931,84.11737152,9104323,2326365318.9,-1.1879,0.7832
2024-09-20,84.12395966,85.2505316,83.30044216,84.3611327,8989793,2292829764.93,0.2898,0.7733
2024-09-23,84.31172165,84.64442272,81.95316753,82.35175,10758273,2712153559.79,-2.3819,0.9255
2024-09-24,83.339971,84.1634885,81.28447132,83.76490603,15649454,3949080823.05,1.716,1.3462
2024-09-25,84.987006,88.82789162,84.87500762,86.5681596,20571034,5442651982.01,3.3466,1.7696
2024-09-26,86.963448,88.8410679,86.3375747,88.81142127,14906641,3960197853.87,2.5913,1.2823
2024-09-27,89.928111,96.18354993,89.4340005,93.54829393,30992240,8683447958.42,5.3336,2.6661
2024-09-30,95.52803,101.48370856,95.52803,101.23006517,38880459,11640545413.1,8.2116,3.3447
2024-10-08,111.35274228,111.35274228,101.23006517,107.84126366,44343939,14484952068.34,6.5309,3.8147
2024-10-09,103.763205,105.64411897,98.9868035,100.69642583,32591858,10166970123.49,-6.6253,2.8037
2024-10-10,102.11617,106.069054,102.10958186,104.05637723,25016687,7918647495.83,3.3367,2.1521
2024-10-11,103.44038614,103.44038614,97.50776607,98.83857035,18641849,5671879376.72,-5.0144,1.6037
2024-10-14,99.14821293,102.10958186,98.8879814,101.127949,17236482,5268100404.73,2.3163,1.4828
2024-10-15,100.6338385,101.58253066,98.163286,98.163286,12214902,3695577335.23,-2.9316,1.0508
2024-10-16,96.516251,97.49788386,94.539809,95.45885453,15032187,4362898826.78,-2.755,1.2931
2024-10-17,96.35484157,98.11387495,95.23815184,95.33697394,10245654,3005198739.74,-0.1277,0.8814
2024-10-18,95.34685615,100.8644234,94.89556856,98.9209221,19109242,5674148204.69,3.7592,1.6439
2024-10-21,99.810321,101.6550002,99.1185663,100.94677515,15781602,4819617233.25,2.048,1.3576
2024-10-22,100.469135,102.15569884,99.810321,100.38678325,10373266,3174859558.84,-0.5547,0.8924
2024-10-23,100.38678325,102.7091026,99.70491076,101.74723416,12669500,3911383612.4,1.3552,1.0899
2024-10-24,101.74723416,102.10628779,99.67197006,100.03431776,9688514,2959755260.68,-1.6835,0.8335
2024-10-25,100.139728,102.7091026,100.139728,101.50347298,13982037,4306245200.84,1.4687,1.2028
2024-10-28,101.786763,101.786763,99.39856225,100.5020757,10932439,3323177977.18,-0.9866,0.9405
2024-10-29,101.786763,102.20840396,100.0738466,100.6008978,11854561,3635542203.37,0.0983,1.0198
2024-10-30,99.810321,101.29594657,99.3162105,100.65030885,10844820,3301164357.47,0.0491,0.9329
2024-10-31,99.48420807,99.80702693,96.516251,96.57883833,24085199,7127704551.25,-4.0452,2.0719
2024-11-01,96.5821324,97.3727092,95.5609707,95.63014617,14304086,4174457395.28,-0.9823,1.2305
2024-11-04,97.504472,101.76041044,97.37600327,101.12136086,21731889,6600399617.25,5.7421,1.8695
2024-11-05,100.15949242,101.60229508,98.9868035,101.2926525,16781998,5124245708.8,0.1694,1.4437
2024-11-06,101.457356,102.03381825,98.163286,98.94068652,18486120,5611830833.85,-2.322,1.5903
2024-11-07,97.18494721,99.44138516,96.845658,99.40844446,15067592,4484370171.83,0.4728,1.2962
2024-11-08,101.16747784,101.29924064,97.833879,98.1303453,16671572,5022195686.37,-1.2857,1.4342
2024-11-11,97.175065,98.64751429,96.3844882,98.58822103,18085930,5349190917.28,0.4666,1.5558
2024-11-12,98.87151105,102.11617,98.59480917,99.08891967,24655746,7520312653.8,0.5079,2.121
2024-11-13,98.163286,99.26021131,97.2738871,99.00986199,14511579,4326957543.62,-0.0798,1.2484
2024-11-14,98.8221,98.9209221,96.845658,97.09271325,12458290,3690676831.42,-1.9363,1.0717
2024-11-15,97.10588953,97.43529653,94.87580414,95.52803,15323594,4471450174.24,-1.6115,1.3182
2024-11-18,95.53132407,96.49978065,94.42781062,95.09321276,11620595,3364288894.42,-0.4552,0.9997
2024-11-19,95.09321276,96.01555236,92.89936214,94.86592193,13194669,3785016710.44,-0.239,1.1351
2024-11-20,94.87251007,95.6597928,94.0456985,95.02074322,10601693,3049973686.34,0.1632,0.912
2024-11-21,95.02403729,95.03062543,93.551588,94.210402,9553294,2727230001.41,-0.8528,0.8218
2024-11-22,94.0456985,94.16428502,91.575146,91.73655543,12514178,3529973028.97,-2.6259,1.0765
2024-11-25,93.222181,95.31720952,92.52713223,93.222181,17453315,4981714331.78,1.6194,1.5014
2024-11-26,92.23396,94.210402,91.53561716,92.56666107,9520645,2686423189.13,-0.7032,0.819
2024-11-27,91.99678696,92.563367,91.245739,92.563367,11000281,3068303752.07,-0.0036,0.9463
2024-11-28,92.6292484,92.74783492,89.928111,90.44857406,15858922,4365779156.54,-2.2847,1.3643
2024-11-29,89.928111,91.53561716,89.61517435,90.53092581,12800460,3516186178.74,0.091,1.1012
2024-12-02,91.11727027,93.551588,90.28387056,93.0245368,15135721,4255616768.38,2.7544,1.302
2024-12-03,93.8151136,94.17087316,92.42501606,93.10688855,9144971,2585320048.37,0.0885,0.7867
2024-12-04,92.67536538,93.33088531,91.8386716,92.22737186,8501286,2389151937.26,-0.9446,0.7313
2024-12-05,91.30832633,91.73326136,90.35963417,90.67257082,9026771,2486214937.29,-1.6858,0.7765
2024-12-06,90.80762769,92.88618586,90.26081207,92.32619396,12469840,3469413044.88,1.8237,1.0727
2024-12-09,91.98031661,93.54829393,91.46973576,92.39536943,9215268,2590143544.39,0.0749,0.7927
2024-12-10,96.516251,96.845658,92.892774,93.07394785,17592915,5057037510.83,0.7344,1.5134
2024-12-11,92.90265621,93.50876509,92.0363158,92.48760339,9335988,2623997225.72,-0.63,0.8031
2024-12-12,92.2669007,93.44617776,91.7069088,93.44617776,10013395,2816818034.74,1.0364,0.8614
2024-12-13,92.67207131,92.76759934,91.05468294,91.08432957,11235863,3130392699.07,-2.5275,0.9666
2024-12-16,91.08762364,91.63443926,90.11916706,90.57045465,7149026,1967314539.05,-0.5642,0.615
2024-12-17,90.56057244,94.09840362,90.25092986,93.1562996,17568207,4960329885.56,2.8551,1.5113
2024-12-18,93.30453275,94.50028016,93.10030041,93.76570255,8410638,2397657885.43,0.6542,0.7235
2024-12-19,92.83018667,94.52004458,92.23396,94.0127578,8672852,2465377213.9,0.2635,0.7461
2024-12-20,93.88428907,94.45745725,92.2998414,92.2998414,9670711,2730666916.66,-1.822,0.8319
2024-12-23,92.3986635,93.31770903,91.86502416,92.4645449,8151596,2291275853.09,0.1784,0.7012
2024-12-24,92.19772523,95.03721357,91.94737591,95.00756694,14228738,4072070487.74,2.7503,1.224
2024-12-25,95.10968311,95.97602352,94.1115799,94.18404944,8339103,2405517152.19,-0.8668,0.7174
2024-12-26,94.18404944,94.4739276,93.551588,93.83487802,6760455,1928774413.55,-0.3707,0.5816
2024-12-27,94.4739276,94.72098285,93.222181,94.30263596,7868319,2249658028.46,0.4985,0.6769
2024-12-30,94.6056904,95.3633265,93.33088531,93.87770093,8294681,2371257353.79,-0.4506,0.7135
2024-12-31,93.880995,94.3751055,92.892774,93.11018262,7761976,2201903440.1,-0.8176,0.6677
2025-01-02,93.222181,93.24853356,88.74883394,89.3022377,16878404,4624073917.86,-4.0897,1.452
2025-01-03,89.4340005,90.45186813,88.36013368,89.18035711,9936476,2693072230.19,-0.1365,0.8548
2025-01-06,89.57893958,90.22128323,88.62036521,89.36153096,8244683,2236590143.88,0.2032,0.7092
2025-01-07,89.36153096,91.48620611,88.1163725,90.26740021,9572218,2627167272.83,1.0137,0.8234
2025-01-08,89.92481693,90.25422393,87.55967467,88.66977626,10908247,2933447141.97,-1.7699,0.9384
2025-01-09,88.610483,89.4998819,87.83967062,88.73895173,6561288,1766873664.35,0.078,0.5644
2025-01-10,88.610483,89.06835873,87.22038546,87.62885014,8054821,2147363099.92,-1.251,0.6929
2025-01-13,86.634041,88.43589729,86.37380947,87.622262,6721375,1787448697.26,-0.0075,0.5782
2025-01-14,87.73426038,91.29515005,87.62555607,91.0151541,12578973,3438827616.87,3.8722,1.0821
2025-01-15,90.9822134,91.34785517,90.4222215,90.48480883,6233583,1718769123.17,-0.5827,0.5362
2025-01-16,90.4881029,91.35444331,89.11447571,89.84905332,7257175,1984685717.9,-0.7026,0.6243
2025-01-17,90.09940264,91.9704344,89.75681936,91.1139762,8614153,2376770800.05,1.4078,0.741
2025-01-20,91.904553,94.35204701,91.87820044,93.69323301,13579709,3863727458.08,2.8308,1.1682
2025-01-21,93.880995,94.68145401,93.222181,94.22687235,7644144,2184132797.3,0.5696,0.6576
2025-01-22,93.880995,94.3092241,92.1680786,93.0574775,8105689,2287303620.42,-1.241,0.6973
2025-01-23,93.87440686,93.880995,91.245739,91.28197377,9617392,2690601164.04,-1.908,0.8273
2025-01-24,91.08432957,92.3986635,90.916332,91.93090556,6814367,1898979250.77,0.7109,0.5862
2025-01-27,91.93419963,92.27348884,90.4222215,90.4222215,6340768,1755529339.7,-1.6411,0.5455
2025-02-05,93.13324111,94.45745725,92.7610112,93.1562996,14535090,4128876836.05,3.0237,1.2504
2025-02-06,93.15959367,102.47192956,93.04100715,102.47192956,38145868,11416508784.31,10.0,3.2815
2025-02-07,105.41024,108.70431,103.433798,107.6831483,48707526,15691989047.57,5.0855,4.19
2025-02-10,107.68644237,109.363124,105.93070306,108.74713291,27271140,8908518536.6,0.9881,2.346
2025-02-11,111.7677951,112.0972021,107.38997607,108.6713693,28036356,9315885530.05,-0.0697,2.4118
2025-02-12,107.8807925,114.28446458,106.28316855,113.66188535,27935722,9451048634.3,4.5923,2.4032
2025-02-13,112.3936684,114.09011445,111.8336765,112.4266091,19983985,6859997620.51,-1.0868,1.7191
2025-02-14,112.49907864,118.4547572,112.49907864,117.28536235,24364461,8574633633.17,4.3217,2.0959
2025-02-17,117.28536235,118.1912316,113.4807115,114.7983395,23201509,8111345838.94,-2.1205,1.9959
2025-02-18,115.7536198,119.73285636,114.91033788,117.34136154,25179738,8977762526.02,2.2152,2.1661
2025-02-19,116.45196264,118.58652,116.280671,118.0924095,16191782,5784129670.21,0.6401,1.3929
2025-02-20,119.73285636,121.10977762,117.9935874,119.50227146,15693717,5695876654.95,1.1939,1.35
2025-02-21,120.562962,127.3158055,120.30931861,126.162881,23929245,9089497618.41,5.5736,2.0585
2025-02-24,126.821695,128.02732462,123.02692636,123.94926596,19940747,7586289373.78,-1.7546,1.7154
2025-02-25,121.88059,125.17466,121.48859567,122.70081343,16110252,6008878409.26,-1.0072,1.3859
2025-02-26,122.70081343,123.7911506,120.233555,122.5723447,13852896,5125594765.18,-0.1047,1.1917
2025-02-27,125.833474,126.48899393,122.21329107,123.6923285,16844614,6350435990.24,0.9137,1.4491
2025-02-28,122.2429377,123.45186139,118.26040707,119.18604074,23930429,8762214821.87,-3.6431,2.0586
2025-03-03,121.551183,121.88059,117.85853053,118.65569547,15207822,5524500397.17,-0.445,1.3082
2025-03-04,112.00826221,114.633636,111.34944821,113.59270988,26345330,9062924960.49,-4.267,2.2663
2025-03-05,114.304229,117.00207233,114.304229,116.59690172,13906886,4885879812.39,2.6447,1.1963
2025-03-06,118.64581326,119.30133319,117.598299,118.23405451,11460099,4120637644.5,1.4041,0.9859
2025-03-07,118.2241723,118.915927,117.01854268,117.4006548,8758413,3131517605.2,-0.7049,0.7534
2025-03-10,117.2359513,117.72676773,114.963043,115.621857,9917660,3484351089.32,-1.5152,0.8532
2025-03-11,113.645415,115.87550039,113.60588616,115.41762466,9536997,3314689326.43,-0.1766,0.8204
2025-03-12,116.75831115,118.54699116,115.621857,115.621857,12951056,4593312533.26,0.177,1.1141
2025-03-13,115.90844109,117.71688552,115.66467991,116.7747815,10221085,3624758940.84,0.9972,0.8793
2025-03-14,117.598299,124.24573226,117.14371734,123.83726758,22469718,8292987453.86,6.048,1.9329
2025-03-17,125.93888424,126.162881,123.84385572,125.25701175,13306887,5060211612.55,1.1465,1.1447
2025-03-18,127.99108985,128.46873,125.17795407,126.68004999,17333878,6672881109.13,1.1361,1.4911
2025-03-19,126.66687371,131.433393,126.01135378,130.79763749,18835150,7404859764.84,3.2504,1.6203
2025-03-20,131.7628,132.8827838,130.44187793,131.75950593,15941284,6372989565.18,0.7354,1.3713
2025-03-21,129.46024507,129.55906717,121.88059,122.539404,28210676,10685254370.83,-6.9977,2.4268
2025-03-24,124.186439,124.6805495,121.17565902,123.64621152,14789405,5522974120.0,0.9032,1.2723
2025-03-25,124.50925786,125.0428972,121.54459486,121.74553313,12308536,4595791802.18,-1.5372,1.0589
2025-03-26,121.74553313,124.845253,121.221776,123.86032607,12020484,4503762855.04,1.7371,1.0341
2025-03-27,123.8899727,128.89037096,123.88667863,127.3158055,14439437,5554865370.91,2.7898,1.2422
2025-03-28,127.3158055,128.7322556,125.6687705,125.9981775,11493982,4428715749.31,-1.0349,0.9888
2025-03-31,125.17466,126.25511496,123.198218,123.4946843,11578391,4370400299.42,-1.9869,0.9961
2025-04-01,124.44008239,124.47302309,120.02273452,120.3982585,15407199,5663384880.32,-2.5073,1.3254
2025-04-02,120.233555,120.45425769,118.21758416,118.7512235,11710041,4226638862.52,-1.368,1.0074
2025-04-03,117.1041885,119.09051271,116.69572382,117.76629657,10102322,3618676870.28,-0.8294,0.8691
2025-04-07,109.80452938,111.2407439,105.98999632,105.98999632,27349840,8911483833.66,-9.9997,2.3528
2025-04-08,105.98999632,110.64122316,104.751426,107.88408657,27464351,8924529992.96,1.787,2.3627
2025-04-09,105.3443586,108.045496,103.32179962,106.9255122,21193856,6822376377.27,-0.8885,1.8233
2025-04-10,110.1866415,114.32399342,110.021938,110.8125148,21089578,7165511480.53,3.6352,1.8143
2025-04-11,111.010159,117.77947285,110.8125148,116.93289686,18994493,6621821826.86,5.5232,1.6341
2025-04-14,119.6406224,119.8053259,117.1371292,118.257113,14206917,5115484102.7,1.1325,1.2222
2025-04-15,120.1017922,120.233555,117.70700331,118.57663779,11651557,4195947008.5,0.2702,1.0024
2025-04-16,117.47312434,117.598299,114.6665767,116.00067505,13182793,4618462218.32,-2.1724,1.1341
2025-04-17,115.27268558,116.42890415,114.19552469,115.18703976,8528864,2985985218.94,-0.7014,0.7337
2025-04-18,114.6006953,114.6006953,113.316008,113.974822,7386013,2553879766.85,-1.0524,0.6354
2025-04-21,113.974822,115.24962709,113.72447268,114.88398532,7495341,2609226235.17,0.7977,0.6448
2025-04-22,114.88398532,117.57524051,114.23175946,116.88677988,11212206,3956085869.05,1.7433,0.9646
2025-04-23,124.186439,124.515846,120.96813261,122.53610993,24792689,9216822110.03,4.8332,2.1329
2025-04-24,122.69751936,123.3958622,119.69003345,120.562962,15089211,5557113198.78,-1.6103,1.2981
2025-04-25,121.88059,123.6264471,121.2547167,122.15399781,13386942,4975314905.12,1.3197,1.1517
2025-04-28,120.93519191,120.93519191,117.45335992,118.58652,17978320,6459136359.64,-2.9205,1.5466
2025-04-29,118.2900537,118.79404641,116.280671,116.939485,11898307,4237606410.13,-1.3889,1.0236
2025-04-30,116.9065443,116.91642651,115.0618651,116.31031763,13047947,4599074534.65,-0.538,1.1225
2025-05-06,118.58652,119.3441561,117.24253944,118.57334372,14829353,5326196143.28,1.9457,1.2757
2025-05-07,120.233555,120.45755176,117.97382298,118.3229944,10883990,3937980382.23,-0.2111,0.9363
2025-05-08,117.44018364,119.23874586,117.1700699,118.34934696,8338169,2994908337.11,0.0223,0.7173
2025-05-09,118.83357525,120.562962,118.3559351,119.64721054,14372616,5218995470.89,1.0966,1.2364
2025-05-12,120.233555,121.97282396,118.77757606,121.97282396,16137017,5890708994.27,1.9437,1.3882
2025-05-13,123.857032,124.04808806,120.57284421,120.7276655,13177107,4874657843.91,-1.0208,1.1336
2025-05-14,120.7276655,122.9017517,119.69332752,122.9017517,13569307,5012059706.8,1.8008,1.1673
2025-05-15,122.868811,126.821695,121.64341696,124.1205576,20880137,7894571014.52,0.9917,1.7963
2025-05-16,123.53750721,128.79484293,123.05986706,128.19532219,22932794,8858484483.81,3.2829,1.9729
2025-05-19,127.809916,127.809916,124.186439,126.10029367,16137281,6159126224.05,-1.6342,1.3883
2025-05-20,126.3275845,130.0498836,125.6687705,130.0498836,17209991,6705400029.45,3.1321,1.4805
2025-05-21,129.76659358,133.080428,128.80143107,131.7628,19947886,7967115092.16,1.3171,1.7161
2025-05-22,131.75621186,133.59430292,131.103986,131.3675116,14636280,5868800084.14,-0.3,1.2591
2025-05-23,131.433393,137.35613086,131.14680891,133.409835,23557418,9627525188.04,1.5547,2.0266
2025-05-26,132.35902667,132.751021,125.17466,125.504067,30955063,12014228946.46,-5.9259,2.663
2025-05-27,123.81750316,125.504067,121.51165416,122.67446087,23027544,8594833865.33,-2.2546,1.981
2025-05-28,122.67446087,122.85234065,119.26839249,119.53521216,17775388,6513230208.83,-2.559,1.5292
2025-05-29,118.45146313,120.562962,116.96583756,118.95874991,19206113,6942900394.87,-0.4823,1.6523
2025-05-30,117.60488714,118.1912316,115.7206791,116.0500861,19055991,6733498590.72,-2.4451,1.6393
2025-06-03,115.70420875,117.92441193,114.963043,117.268892,18189270,6453885813.19,1.0502,1.5648
2025-06-04,118.4218165,120.00955824,117.97711705,118.75781164,14690410,5311224036.65,1.2697,1.2638
2025-06-05,119.37380273,119.48909518,117.27877421,118.83357525,10861275,3908084317.51,0.0638,0.9344
2025-06-06,118.915927,119.37050866,117.7630025,118.57334372,8969768,3228098167.59,-0.219,0.7717
2025-06-09,117.30842084,117.40394887,113.68164977,114.67975298,25509134,8932441522.56,-3.2837,2.1945
2025-06-10,115.1606872,116.939485,114.70939961,116.32349391,17178588,6042960183.12,1.4333,1.4778
2025-06-11,116.61337207,120.55637386,116.61337207,119.24203993,20310674,7326544793.73,2.509,1.7473
2025-06-12,118.55028523,118.55028523,116.28396507,116.35972868,14404696,5117764843.95,-2.4172,1.2392
2025-06-13,115.1277465,115.26280337,112.48919643,113.974822,21023987,7256548253.58,-2.0496,1.8086
2025-06-16,113.97152793,114.31740528,112.2619056,113.45765301,10228405,3508947839.19,-0.4538,0.8799
2025-06-17,113.316008,114.1065848,112.7889568,113.23036218,7004530,2408912943.95,-0.2003,0.6026
2025-06-18,112.92730774,115.0289244,112.64731179,114.28775865,10289697,3565398001.68,0.9338,0.8852
2025-06-19,113.32589021,113.74094303,112.11367245,112.1630835,10038121,3437688886.94,-1.8591,0.8636
2025-06-20,112.00826221,112.97671879,111.9324986,112.08073175,7353816,2507526429.81,-0.0734,0.6326
2025-06-23,110.96074795,111.90285197,109.8901752,111.4054474,9459334,3185477391.05,-0.6025,0.8138
2025-06-24,112.40355061,114.0407034,112.40355061,113.11177566,14471259,4979495319.17,1.5316,1.2449
2025-06-25,113.97152793,115.20351011,112.99318914,115.05198289,12573827,4352301719.65,1.7153,1.0817
2025-06-26,113.41812417,113.41812417,110.95415981,111.15509808,20493214,6967640374.17,-3.3871,1.763
2025-06-27,110.021938,110.91792504,109.83747008,110.10099568,13861749,4633461708.45,-0.9483,1.1925
2025-06-30,110.10099568,110.10099568,108.23984613,109.33347737,14400344,4768270278.13,-0.6971,1.2388
2025-07-01,108.8031321,109.80782345,108.30572753,109.14571538,8851804,2931303336.66,-0.1717,0.7615
2025-07-02,109.363124,109.97582102,108.35184451,108.92171862,9327011,3083342650.35,-0.2052,0.8024
2025-07-03,109.02712886,110.43369675,108.92501269,110.20640592,12349781,4123732531.23,1.1795,1.0624
2025-07-04,109.54429785,110.34805093,108.62854639,109.033717,10410355,3454495463.05,-1.0641,0.8956
2025-07-07,108.4407844,108.86571943,108.19043508,108.23984613,8820772,2901015557.38,-0.7281,0.7588
2025-07-08,107.716089,108.63184046,107.29444804,107.67656016,11691814,3825413668.2,-0.5204,1.0058
2025-07-09,107.6831483,108.11467147,107.31421246,107.3208006,12163311,3969384130.1,-0.3304,1.0464
2025-07-10,107.32409467,107.41632863,105.03142195,105.81541061,21002206,6741345468.09,-1.4027,1.8068
2025-07-11,105.3772993,107.66667795,105.08742114,106.69822137,16826983,5456832017.95,0.8343,1.4476
2025-07-14,106.69822137,106.69822137,104.60648692,104.91283543,17230914,5502331853.72,-1.6733,1.4823
2025-07-15,104.8173074,107.057275,104.751426,106.41493135,16279094,5252631321.92,1.4318,1.4005
2025-07-16,106.41822542,107.35703537,106.41822542,106.63563404,11075835,3594544238.09,0.2074,0.9528
2025-07-17,107.057275,108.28266904,106.7608087,108.05208414,15689135,5138610960.73,1.3283,1.3497
2025-07-18,108.41772591,108.5396065,107.13962675,108.41113777,13686649,4482466755.08,0.3323,1.1774
2025-07-21,108.04220193,110.06146684,107.80173482,110.06146684,15394503,5102459145.61,1.5223,1.3244
2025-07-22,110.351345,112.66048807,109.76170647,112.55507783,21416417,7227731006.63,2.2657,1.8424
2025-07-23,112.68684063,112.986601,111.010159,111.36262449,15890735,5395840274.18,-1.0594,1.367
2025-07-24,111.36591856,114.15270178,111.21768541,112.89436704,18906327,6489370095.95,1.3755,1.6265
2025-07-25,112.327787,112.4595498,110.351345,111.31650751,15704076,5307866610.59,-1.3976,1.351
2025-07-28,111.31650751,111.7019137,110.52593071,111.010159,11705670,3947000993.53,-0.2752,1.007
2025-07-29,112.01,112.5,109.77,111.42,38735984,4322742015.41,0.3693,1.1108
2025-07-30,108.05,111.16,107.12,108.7,52483427,5743878668.38,-2.4412,1.505
2025-07-31,108.2,108.2,105.0,105.24,59949943,6344900790.83,-3.1831,1.7191
2025-08-01,104.95,106.24,104.36,105.8,36233692,3816659557.87,0.5321,1.039
2025-08-04,104.0,105.14,102.57,104.88,41293694,4293903589.58,-0.8696,1.1841
2025-08-05,104.88,105.21,103.78,104.86,33834986,3539636639.53,-0.0191,0.9703
2025-08-06,104.86,105.0,103.9,104.35,30561960,3184784992.59,-0.4864,0.8764
2025-08-07,104.27,106.43,104.16,105.33,42876298,4526612773.43,0.9391,1.2295
2025-08-08,105.0,105.03,103.91,103.93,32661461,3405317252.01,-1.3292,0.9366
2025-08-11,103.88,105.66,103.23,105.52,35669790,3741329572.1,1.5299,1.0229
2025-08-12,105.4,106.43,104.7,105.67,31219504,3302639096.41,0.1422,0.8952
2025-08-13,106.29,107.65,105.84,106.83,45983014,4908744877.15,1.0978,1.3186
2025-08-14,107.37,107.5,105.79,106.37,41954793,4478119017.41,-0.4306,1.2031
2025-08-15,105.85,106.64,105.32,106.07,36135346,3831047052.11,-0.282,1.0362
2025-08-18,105.66,109.49,105.66,108.37,61925173,6680761816.28,2.1684,1.7758
2025-08-19,108.67,108.92,107.18,107.63,38973519,4205349328.86,-0.6828,1.1176
2025-08-20,107.18,108.26,106.01,108.25,38505345,4130459251.5,0.576,1.1042
2025-08-21,107.8,108.83,107.0,107.1,44946378,4843670255.1,-1.0624,1.2889
2025-08-22,107.11,110.97,107.11,110.66,76312005,8351469725.95,3.324,2.1883
2025-08-25,111.31,112.49,110.31,111.61,61162758,6803182882.92,0.8585,1.7539
2025-08-26,111.75,114.69,110.71,113.75,69291585,7850511029.36,1.9174,1.987
2025-08-27,113.96,114.06,110.66,110.68,68974693,7761766930.98,-2.6989,1.9779
2025-08-28,109.39,110.19,107.11,109.32,76252199,8278465955.83,-1.2288,2.1866
2025-08-29,108.88,116.59,108.12,114.06,114490194,12973326090.99,4.3359,3.2831
2025-09-01,108.5,111.48,108.5,109.7,132986738,14546890246.63,-3.8225,3.8135
2025-09-02,108.79,111.1,108.6,110.02,77322410,8495472755.14,0.2917,2.2173
2025-09-03,110.5,110.73,107.01,107.21,73522327,7975948715.56,-2.5541,2.1083
2025-09-04,106.59,107.09,103.71,104.0,81574074,8588835880.93,-2.9941,2.3392
2025-09-05,103.86,107.5,103.11,107.26,78752385,8307907947.57,3.1346,2.2583
2025-09-08,106.15,107.13,105.51,106.25,55592345,5910440231.73,-0.9416,1.5942
2025-09-09,106.0,107.2,105.27,105.49,38163622,4049249506.54,-0.7153,1.0944
2025-09-10,105.52,106.45,105.02,105.2,32236895,3401353898.36,-0.2749,0.9244
2025-09-11,105.25,106.6,104.89,106.59,53778149,5683446688.51,1.3213,1.5421
2025-09-12,106.6,107.58,105.9,105.91,45591018,4859782579.06,-0.638,1.3074
2025-09-15,106.0,110.85,106.0,108.7,97480407,10620465040.63,2.6343,2.7953
2025-09-16,109.0,109.0,107.22,107.8,53316021,5753437964.22,-0.828,1.5289
2025-09-17,108.2,112.0,108.2,110.99,98123971,10827682692.16,2.9592,2.8138
2025-09-18,110.99,112.8,108.56,109.71,93401380,10362193293.46,-1.1533,2.6784
2025-09-19,109.8,110.8,109.0,109.09,47297748,5188176204.4,-0.5651,1.3563
2025-09-22,108.87,108.91,107.15,107.99,49155923,5293961578.02,-1.0083,1.4096
2025-09-23,107.45,107.69,104.64,105.6,65096262,6888232045.71,-2.2132,1.8667
2025-09-24,105.0,105.83,104.0,105.71,54816227,5758922304.81,0.1042,1.5719
2025-09-25,105.34,108.8,104.87,107.5,69348204,7421942404.64,1.6933,1.9886
2025-09-26,107.45,111.23,107.0,107.29,75661207,8250492997.18,-0.1953,2.1697
2025-09-29,107.0,109.14,106.39,108.61,61398368,6621874267.35,1.2303,1.7607
2025-09-30,108.19,109.98,107.76,109.21,56775550,6200518749.86,0.5524,1.6281
2025-10-09,108.67,112.48,108.07,110.6,100872197,11196004666.78,1.2728,2.8926
2025-10-10,110.55,110.55,107.58,107.79,59010253,6420415513.32,-2.5407,1.6922
2025-10-13,105.0,105.98,104.1,105.69,74442980,7841774365.12,-1.9482,2.1347
2025-10-14,106.68,109.36,105.62,105.99,76778627,8244228528.63,0.2838,2.2017
2025-10-15,106.45,107.51,105.5,107.1,47579133,5063179652.06,1.0473,1.3644
2025-10-16,107.0,109.3,106.51,106.96,52309638,5628738804.39,-0.1307,1.5
2025-10-17,106.6,106.63,104.26,104.43,62572494,6576614911.1,-2.3654,1.7943
2025-10-20,105.22,105.63,104.08,104.52,35561452,3721699722.1,0.0862,1.0198
2025-10-21,104.69,105.07,104.24,104.76,29907419,3133789475.42,0.2296,0.8576
2025-10-22,104.1,104.32,103.37,103.78,35787419,3715302135.68,-0.9355,1.0262
2025-10-23,103.3,103.73,102.0,103.69,37860342,3889661810.81,-0.0867,1.0857
2025-10-24,103.98,104.37,103.61,103.76,30554268,3173964302.23,0.0675,0.8762
2025-10-27,104.0,104.97,103.88,104.01,34598784,3607756848.47,0.2409,0.9922
2025-10-28,104.02,104.32,103.5,103.72,26541583,2755526046.73,-0.2788,0.7611
2025-10-29,103.73,105.18,103.0,104.52,39734040,4128608368.72,0.7713,1.1394
2025-10-30,104.0,104.86,103.5,103.61,35898945,3733925602.84,-0.8706,1.0294
2025-10-31,101.0,101.32,100.0,100.79,63705259,6418551106.33,-2.7217,1.8268
2025-11-03,100.79,100.99,98.5,99.6,55167021,5472679664.54,-1.1807,1.582
2025-11-04,99.0,99.54,97.71,97.8,43501704,4274197473.75,-1.8072,1.2475
2025-11-05,96.66,96.66,94.73,95.8,58721510,5617215879.19,-2.045,1.6839
2025-11-06,95.58,97.75,95.4,97.52,40200367,3897723836.01,1.7954,1.1528
2025-11-07,97.0,98.15,96.83,97.2,32256073,3145817990.54,-0.3281,0.925
2025-11-10,97.35,100.35,97.35,99.39,55487690,5513238812.76,2.2531,1.5912
2025-11-11,99.5,99.78,98.14,98.71,31985788,3161124109.67,-0.6842,0.9172
2025-11-12,98.8,98.99,97.54,97.77,26064335,2555847684.22,-0.9523,0.7474
2025-11-13,97.01,100.5,97.01,99.83,57999022,5759429263.98,2.107,1.6632
2025-11-14,99.0,100.5,98.33,98.37,34298466,3396134915.94,-1.4625,0.9835
2025-11-17,97.8,98.59,97.25,98.08,20724759,2029207778.62,-0.2948,0.5943
2025-11-18,97.54,97.85,96.02,96.49,30475645,2949162764.52,-1.6211,0.8739
2025-11-19,96.4,96.66,95.01,95.17,34829235,3327809283.94,-1.368,0.9988
2025-11-20,95.17,95.5,93.5,93.61,39181087,3692348084.89,-1.6392,1.1236
2025-11-21,92.49,94.39,91.7,92.7,45171313,4182916492.54,-0.9721,1.2953
2025-11-24,93.1,94.41,92.2,93.93,32730213,3064736738.52,1.3269,0.9386
2025-11-25,94.0,95.38,93.7,93.91,27748887,2620855758.23,-0.0213,0.7957
2025-11-26,94.75,95.44,94.45,95.09,30657697,2914626392.7,1.2565,0.8791
2025-11-27,94.6,95.16,94.22,94.29,20227996,1915349541.08,-0.8413,0.5801
2025-11-28,94.6,95.23,94.2,95.17,21935062,2080615710.1,0.9333,0.629
2025-12-01,95.39,96.3,95.14,95.77,23371272,2237016414.3,0.6305,0.6702
2025-12-02,96.42,97.8,96.25,96.62,35921746,3483571735.4,0.8875,1.0301
2025-12-03,96.64,96.65,94.89,95.05,23157284,2207429345.9,-1.6249,0.6641
2025-12-04,94.92,95.29,94.2,95.24,16614164,1576759405.22,0.1999,0.4764
2025-12-05,95.29,96.22,94.71,95.98,21161847,2021250208.5,0.777,0.6068
2025-12-08,96.21,97.15,96.21,96.53,24780498,2397261754.42,0.573,0.7106
2025-12-09,96.21,96.66,95.7,96.03,16322702,1568057388.33,-0.518,0.4681
2025-12-10,95.6,96.65,94.9,96.47,19840224,1902988179.72,0.4582,0.5689
2025-12-11,96.98,97.12,95.85,96.23,25090767,2422448208.27,-0.2488,0.7195
2025-12-12,96.2,97.7,95.65,97.0,55462088,5390456375.38,0.8002,1.5904
2025-12-15,96.55,97.16,95.53,95.53,29330099,2824248327.37,-1.5155,0.8411
2025-12-16,95.5,95.7,94.14,94.25,25876771,2450336536.01,-1.3399,0.742
2025-12-17,94.5,95.7,93.68,95.21,27282500,2584139144.72,1.0186,0.7824
2025-12-18,94.39,94.6,93.5,93.53,25279734,2376126962.27,-1.7645,0.7249
2025-12-19,94.0,95.27,93.73,94.23,27206794,2573037717.75,0.7484,0.7802
2025-12-22,94.7,95.36,94.25,94.37,20623482,1952361858.31,0.1486,0.5914
2025-12-23,94.5,95.5,94.5,94.81,23661741,2247679864.35,0.4662,0.6785
2025-12-24,94.8,94.8,94.05,94.42,19280995,1819358258.51,-0.4113,0.5529
2025-12-25,94.43,95.23,94.12,94.84,18220163,1725723850.6,0.4448,0.5225
2025-12-26,95.28,101.45,95.25,100.01,102095895,10178557961.83,5.4513,2.9277
2025-12-29,100.5,101.3,99.6,100.21,51916696,5209488142.03,0.2,1.4888
2025-12-30,99.26,100.15,98.74,99.75,31875638,3174697985.99,-0.459,0.9141
2025-12-31,99.98,100.2,97.38,97.72,40285887,3955310311.36,-2.0351,1.1552
2026-01-05,98.4,99.48,97.9,98.11,38262521,3762797878.26,0.3991,1.0972
2026-01-06,98.22,100.5,98.12,99.99,52178486,5185026166.42,1.9162,1.4963
2026-01-07,99.96,99.96,97.06,97.6,56084881,5502570730.88,-2.3902,1.6083
2026-01-08,97.2,97.2,96.33,96.88,30065475,2908439428.93,-0.7377,0.8622
2026-01-09,97.05,97.95,96.9,97.01,35034058,3412630184.79,0.1342,1.0046
2026-01-12,97.01,98.0,96.3,97.47,42525719,4125432529.12,0.4742,1.2195
2026-01-13,99.0,99.6,96.88,97.19,49872272,4905229941.76,-0.2873,1.4301
2026-01-14,96.81,97.74,95.51,96.1,51474973,4975154616.41,-1.1215,1.4761
2026-01-15,96.08,96.64,95.6,95.67,29563546,2835803089.86,-0.4475,0.8478
2026-01-16,96.7,97.44,95.6,95.86,38458802,3705328915.52,0.1986,1.1028
2026-01-19,96.81,97.3,95.77,96.19,33492715,3227653861.74,0.3443,0.9604
2026-01-20,96.22,96.26,94.68,94.74,38914947,3699337566.25,-1.5074,1.1159
2026-01-21,94.01,94.94,94.0,94.1,30833393,2910327666.12,-0.6755,0.8842
2026-01-22,94.72,95.13,93.89,94.12,29101425,2741536605.29,0.0213,0.8345
2026-01-23,94.24,94.36,93.51,93.65,38330272,3598066420.86,-0.4994,1.0992
2026-01-26,93.65,93.66,92.5,92.63,37545961,3485372554.28,-1.0892,1.0767
2026-01-27,92.67,92.99,91.8,91.81,36298092,3340756010.26,-0.8852,1.0409
2026-01-28,91.8,93.5,90.01,93.34,71556618,6553150013.29,1.6665,2.052
2026-01-29,92.66,92.92,91.61,92.31,37182481,3423462524.93,-1.1035,1.0662
2026-01-30,92.27,92.27,90.7,90.89,32917560,3001871204.27,-1.5383,0.9439
2026-02-02,88.0,89.09,86.97,87.05,64697385,5676850726.51,-4.2249,1.8553
2026-02-03,87.2,87.4,85.88,87.37,37782685,3275997178.85,0.3676,1.0835
2026-02-04,86.99,89.33,86.45,89.14,37650471,3322530225.39,2.0259,1.0797
2026-02-05,88.5,91.23,88.33,90.11,35424031,3184480192.98,1.0882,1.0158
2026-02-06,89.39,90.66,89.0,89.82,24708779,2217096985.32,-0.3218,0.7085
2026-02-09,90.5,90.65,89.83,90.06,20817951,1875980039.28,0.2672,0.597
2026-02-10,90.0,91.57,89.84,90.81,26760481,2434219974.85,0.8328,0.7674
2026-02-11,90.88,92.95,90.88,92.28,39694959,3662117778.54,1.6188,1.1383
2026-02-12,92.29,92.35,91.08,91.16,23031332,2106032227.12,-1.2137,0.6604
2026-02-13,90.05,91.09,89.88,90.27,21733887,1963579416.68,-0.9763,0.6232
2026-02-24,91.98,91.99,90.61,90.87,20644458,1879888761.45,0.6647,0.592
2026-02-25,90.89,92.79,90.89,91.45,32478010,2985714580.09,0.6383,0.9313
2026-02-26,91.4,91.4,89.61,89.85,29101894,2619922211.49,-1.7496,0.8345
2026-02-27,89.4,89.94,89.1,89.32,21934083,1962319079.4,-0.5899,0.629
2026-03-02,88.0,97.25,87.72,96.79,143513688,13507227574.29,8.3632,4.1154
2026-03-03,96.39,96.99,93.99,95.21,86574145,8272503575.74,-1.6324,2.4826
2026-03-04,95.2,96.8,93.7,95.99,70096892,6674964517.79,0.8192,2.0101
2026-03-05,96.8,96.82,93.89,94.47,55243997,5235746090.45,-1.5835,1.5842
2026-03-06,96.0,96.0,93.25,93.62,50354037,4743654924.93,-0.8998,1.444
2026-03-09,93.62,98.0,93.0,97.52,109340899,10562485734.53,4.1658,3.1355
2026-03-10,97.18,97.49,96.08,96.6,50746243,4907397250.96,-0.9434,1.4552
2026-03-11,96.75,100.34,95.67,99.22,90374375,8925093667.94,2.7122,2.5916
2026-03-12,99.23,100.69,98.7,99.1,50252357,4995016177.19,-0.1209,1.441
2026-03-13,99.0,100.79,98.3,99.67,51976482,5199004697.47,0.5752,1.4905
2026-03-16,99.67,105.0,98.79,104.62,108781426,11184164654.67,4.9664,3.1194
2026-03-17,104.63,106.66,102.71,102.87,84138860,8793237612.73,-1.6727,2.4128
2026-03-18,102.82,102.82,100.05,101.69,61799648,6257459329.85,-1.1471,1.7722
2026-03-19,100.99,103.88,100.47,102.31,53105939,5450382395.36,0.6097,1.5229
2026-03-20,102.0,104.45,101.56,103.03,62878324,6495105103.63,0.7037,1.8031
2026-03-23,103.87,111.82,103.18,107.63,178244551,19284919428.95,4.4647,5.1113
2026-03-24,108.4,108.4,104.93,106.64,92144617,9784806490.81,-0.9198,2.6423
2026-03-25,106.72,107.66,105.28,106.6,66266489,7061311677.57,-0.0375,1.9003
2026-03-26,106.62,107.68,102.7,103.14,82812067,8655663075.43,-3.2458,2.3747
2026-03-27,103.99,105.89,102.75,105.3,65845464,6893710025.99,2.0942,1.8882
2026-03-30,103.51,108.0,103.25,106.05,72755723,7713482118.31,0.7123,2.0867
2026-03-31,107.0,108.49,105.1,105.25,58865901,6283345063.15,-0.7544,1.6883
2026-04-01,105.9,106.5,102.37,102.65,71519811,7383168511.54,-2.4703,2.0513
2026-04-02,102.49,103.48,100.5,101.65,60434947,6153958207.6,-0.9742,1.7333
2026-04-03,101.8,102.3,99.0,99.01,49174516,4921224065.51,-2.5971,1.4104
2026-04-07,99.5,99.77,97.45,97.98,37969746,3731963029.9,-1.0403,1.089
2026-04-08,98.5,101.28,98.11,101.22,56281840,5621410290.06,3.3068,1.6142
2026-04-09,100.21,100.21,98.81,99.03,37906293,3764528220.2,-2.1636,1.0872
2026-04-10,99.39,102.2,99.03,101.67,60573135,6130392651.86,2.6659,1.7373
2026-04-13,101.57,104.99,100.81,104.25,66313598,6887089022.36,2.5376,1.9019
2026-04-14,103.0,104.19,102.5,103.82,54334283,5614541232.06,-0.4125,1.5584
2026-04-15,103.82,104.77,102.5,103.03,42871917,4431952619.71,-0.7609,1.2296
2026-04-16,103.28,105.97,103.28,105.54,64366146,6763624066.88,2.4362,1.8461
2026-04-17,104.99,105.46,103.12,103.78,44204763,4595671718.33,-1.6676,1.2678
2026-04-20,103.78,103.95,102.62,102.91,38367696,3957213043.27,-0.8383,1.1004
2026-04-21,102.91,103.19,101.33,101.53,43225769,4398233494.97,-1.341,1.2398
2026-04-22,101.11,102.38,100.6,101.62,34373337,3485648244.02,0.0886,0.9859
2026-04-23,101.57,101.59,99.01,99.98,49216375,4915554212.21,-1.6139,1.4116
2026-04-24,99.91,99.91,98.7,99.46,33773878,3348015918.73,-0.5201,0.9687
2026-04-27,100.0,104.0,99.88,102.34,60167020,6169037081.86,2.8956,1.7257
2026-04-28,101.85,103.3,101.34,101.48,36155004,3687912785.41,-0.8403,1.037
2026-04-29,101.47,105.64,101.0,105.4,105655781,11021927729.24,3.8628,3.0303
2026-04-30,104.54,105.45,102.37,102.98,60097853,6206126903.48,-2.296,1.7237
2026-05-06,101.7,101.89,100.2,100.75,67048711,6746578445.37,-2.1655,1.923
2026-05-07,101.05,101.26,100.01,100.46,46884596,4708289850.76,-0.2878,1.3447
2026-05-08,100.47,101.0,99.8,100.02,38215750,3823821997.57,-0.438,1.0961
2026-05-11,100.02,100.73,99.0,100.44,48281004,4812920714.72,0.4199,1.3848
2026-05-12,99.97,100.1,99.1,99.23,35344129,3514548835.63,-1.2047,1.0137
2026-05-13,99.23,99.25,97.81,98.6,45619352,4481395883.54,-0.6349,1.3084
2026-05-14,99.0,100.0,98.45,98.73,33917988,3361151176.22,0.1318,0.9728
2026-05-15,98.0,98.03,96.26,96.3,46621723,4507893857.51,-2.4613,1.3372
2026-05-18,95.34,95.94,94.3,94.51,35461317,3359745462.56,-1.8588,1.0171
2026-05-19,94.51,96.08,93.8,96.0,29618439,2822346576.25,1.5766,0.8495
2026-05-20,95.3,95.49,93.3,93.36,41500993,3900216298.87,-2.75,1.1903
2026-05-21,93.41,96.2,93.41,93.51,37394974,3540792198.97,0.1607,1.0725
2026-05-22,93.55,94.19,92.61,93.75,26859177,2510615943.9,0.2567,0.7704
2026-05-25,95.0,97.21,95.0,95.96,40599516,3900848661.64,2.3573,1.1644
2026-05-26,95.8,96.92,94.51,96.55,38652435,3720039550.6,0.6148,1.1086
2026-05-27,96.0,97.27,94.66,95.22,36237356,3467882770.14,-1.3775,1.0393
2026-05-28,95.22,95.99,94.03,95.88,31458976,2991315169.93,0.6931,0.9023
2026-05-29,98.9,99.5,96.13,96.18,60629393,5901286621.17,0.3129,1.7389
2026-06-01,96.18,96.22,93.6,93.65,44598076,4207350429.92,-2.6305,1.2791
2026-06-02,96.0,96.88,94.31,96.76,55496417,5321331038.06,3.3209,1.5917
2026-06-03,96.0,96.0,94.5,94.82,37043374,3514157745.47,-2.005,1.0624
2026-06-04,93.6,94.39,93.1,93.44,31871174,2982999607.13,-1.4554,0.9141
2026-06-05,93.52,94.0,92.3,93.01,33996897,3159266076.03,-0.4602,0.9751
2026-06-08,91.0,92.02,90.3,91.19,31684395,2885879183.01,-1.9568,0.9087
2026-06-09,91.22,91.92,90.03,91.89,28192695,2562232961.09,0.7676,0.8086
2026-06-10,91.0,91.0,90.1,90.31,24128660,2182297137.41,-1.7194,0.692
2026-06-11,90.1,90.8,88.88,89.8,31508734,2821436895.48,-0.5647,0.9037
2026-06-12,89.9,91.78,89.25,91.6,38535178,3497028504.68,2.0045,1.1052
2026-06-15,91.61,91.9,90.4,90.82,31297908,2847656616.85,-0.8515,0.8977
2026-06-16,90.35,90.5,89.5,89.64,33601868,3017362612.74,-1.2993,0.9637
2026-06-17,89.0,89.3,87.0,87.47,49526711,4335318667.7,-2.4208,1.4205
2026-06-18,87.0,89.33,86.08,88.13,43578976,3820166909.92,0.7545,1.2499
2026-06-22,87.0,87.9,84.6,87.59,63724220,5467321886.39,-0.6127,1.8277
2026-06-23,86.91,88.32,84.75,85.0,46621668,4016365834.08,-2.957,1.3372
2026-06-24,84.5,84.7,82.78,83.3,45573530,3803649805.54,-2.0,1.3071
2026-06-25,82.8,83.81,81.34,82.2,55643208,4579273325.4,-1.3205,1.5959
2026-06-26,81.51,81.8,78.2,78.2,66320802,5267490277.75,-4.8662,1.9022
2026-06-29,78.2,80.95,77.6,79.64,52370729,4160734872.56,1.8414,1.5021
2026-06-30,79.58,80.55,78.58,79.7,38204309,3031865049.19,0.0753,1.0957
2026-07-01,79.9,81.65,78.55,80.66,50317661,4035250996.65,1.2045,1.4432
2026-07-02,81.9,85.67,81.9,83.57,82504621,6956783955.3,3.6077,2.3663
2026-07-03,83.73,88.88,83.6,88.47,83898162,7298140284.07,5.8633,2.4063
2026-07-06,88.52,88.95,86.61,87.54,48582828,4263991761.89,-1.0512,1.3934
2026-07-07,87.66,88.81,85.87,86.26,38946958,3378987289.2,-1.4622,1.117
2026-07-08,86.01,88.34,85.28,87.8,40380908,3527472657.03,1.7853,1.1582
2026-07-09,86.5,87.77,85.8,86.87,37739280,3270884062.04,-1.0592,1.0824
2026-07-10,86.84,90.83,84.88,90.0,70933247,6283278804.27,3.6031,2.0344
2026-07-13,89.0,89.0,86.78,86.98,42458495,3714908441.87,-3.3556,1.2178
2026-07-14,86.89,90.68,86.5,90.18,54707491,4883296438.16,3.679,1.5691
2026-07-15,89.65,93.48,89.45,91.76,51415427,4733650608.75,1.7521,1.4747
2026-07-16,91.74,94.76,91.15,94.14,60720397,5673387681.66,2.5937,1.7415
2026-07-17,94.14,95.95,91.9,93.47,68734582,6442145672.28,-0.7117,1.9714
2026-07-20,93.49,95.28,92.77,93.92,43989030,4119522142.59,0.4814,1.2617
2026-07-21,93.93,96.8,93.35,94.3,67159285,6390715245.19,0.4046,1.9262
2026-07-22,92.63,93.0,90.51,91.57,60354971,5516076311.13,-2.895,1.731
2026-07-23,90.77,92.87,90.01,92.65,33801437,3104427201.99,1.1794,0.9695
2026-07-24,91.53,93.08,91.31,91.89,24303385,2244617938.15,-0.8203,0.697
2026-07-27,92.32,93.2,91.53,92.4,26533222,2448353957.52,0.555,0.761
